<?xml version="1.0" encoding="UTF-8"?>
<project-private xmlns="http://www.netbeans.org/ns/project-private/1">
    <editor-bookmarks xmlns="http://www.netbeans.org/ns/editor-bookmarks/2" lastBookmarkId="0"/>
    <open-files xmlns="http://www.netbeans.org/ns/projectui-open-files/2">
        <group>
            <file>file:/D:/wamp64/www/Styles/StyleSheet.css</file>
            <file>file:/D:/wamp64/www/Model/Credentials.php</file>
            <file>file:/D:/wamp64/www/Teacher.php</file>
            <file>file:/D:/wamp64/www/Template.php</file>
            <file>file:/D:/wamp64/www/Controller/TeacherController.php</file>
            <file>file:/D:/wamp64/www/Model/TeacherModel.php</file>
            <file>file:/D:/wamp64/www/index.php</file>
            <file>file:/D:/wamp64/www/Entities/TeacherEntity.php</file>
        </group>
    </open-files>
</project-private>
